<?xml version="1.0" encoding="UTF-8" ?>
<!DOCTYPE mapper
  PUBLIC "-//mybatis.org//DTD Mapper 3.0//EN"
  "https://mybatis.org/dtd/mybatis-3-mapper.dtd">

<mapper namespace="org.sample.mapper.ImgPathMapper">
	<insert id="insertImgPath" parameterType="org.sample.domain.ImgPathVO">
        INSERT INTO pd_imgpath (imgid, productid, imgpath)
        VALUES (pd_imgpath_seq.NEXTVAL, #{productid}, #{imgpath})
    </insert>
    
    <insert id="insertSelectKeyImgPath" parameterType="org.sample.domain.ImgPathVO">
	    <selectKey keyProperty="imgid" resultType="long" order="BEFORE">
	        SELECT pd_imgpath_seq.NEXTVAL FROM dual
	    </selectKey>
    INSERT INTO pd_imgpath (imgid, productid, imgpath)
    VALUES (#{imgid}, #{productid}, #{imgpath})
	</insert>

    <select id="readImgPath" parameterType="Long" resultType="org.sample.domain.ImgPathVO">
        SELECT * FROM pd_imgpath WHERE productid = #{productid}
    </select>

    <delete id="deleteImgPath" parameterType="Long">
        DELETE FROM pd_imgpath WHERE imgid = #{imgid}
    </delete>

</mapper>